tokyotofuture,
"https://jetsetradiofuture.live/radio/stations/tokyotofuture/2-mello%20-%20break-down-break-up-ft-anton-corazza.mp3",
"https://jetsetradiofuture.live/radio/stations/tokyotofuture/2-mello%20-%20chainsaw-funk.mp3",
"https://jetsetradiofuture.live/radio/stations/tokyotofuture/2-mello%20-%20dance-with-u-long.mp3",
"https://jetsetradiofuture.live/radio/stations/tokyotofuture/2-mello%20-%20dont-stop-now-interlude.mp3",
"https://jetsetradiofuture.live/radio/stations/tokyotofuture/2-mello%20-%20future-unwritten.mp3",
"https://jetsetradiofuture.live/radio/stations/tokyotofuture/2-mello%20-%20i-shoulda-known.mp3",
"https://jetsetradiofuture.live/radio/stations/tokyotofuture/2-mello%20-%20i-wanna-kno.mp3",
"https://jetsetradiofuture.live/radio/stations/tokyotofuture/2-mello%20-%20life-on-the-line.mp3",
"https://jetsetradiofuture.live/radio/stations/tokyotofuture/2-mello%20-%20luv-2-luv.mp3",
"https://jetsetradiofuture.live/radio/stations/tokyotofuture/2-mello%20-%20molotov-music-interlude.mp3",
"https://jetsetradiofuture.live/radio/stations/tokyotofuture/2-mello%20-%20noize-the-invasion.mp3",
"https://jetsetradiofuture.live/radio/stations/tokyotofuture/2-mello%20-%20poison-jam-part-ii.mp3",
"https://jetsetradiofuture.live/radio/stations/tokyotofuture/2-mello%20-%20pull-up.mp3",
"https://jetsetradiofuture.live/radio/stations/tokyotofuture/2-mello%20-%20rapid-crew-cant-move-me-ft-tv-ma.mp3",
"https://jetsetradiofuture.live/radio/stations/tokyotofuture/2-mello%20-%20rave-shit.mp3",
"https://jetsetradiofuture.live/radio/stations/tokyotofuture/2-mello%20-%20sound-effects-record-no-27.mp3",
