ollieking,
"https://jetsetradiofuture.live/radio/stations/ollieking/Hideki%20Naganuma%20-%20Boarder%2070%20%28Somethin%27%20Jazzy%20for%20Your%20Mind%20Mix%29.mp3",
"https://jetsetradiofuture.live/radio/stations/ollieking/Hideki%20Naganuma%20-%20Boarder%2070.mp3",
"https://jetsetradiofuture.live/radio/stations/ollieking/Hideki%20Naganuma%20-%20Brother%20Goes%20Away.mp3",
"https://jetsetradiofuture.live/radio/stations/ollieking/Hideki%20Naganuma%20-%20Funk%20to%20the%20Top.mp3",
"https://jetsetradiofuture.live/radio/stations/ollieking/Hideki%20Naganuma%20-%20Let%20It%20Go.mp3",
"https://jetsetradiofuture.live/radio/stations/ollieking/Hideki%20Naganuma%20-%20Ollie%20Groove%201.mp3",
"https://jetsetradiofuture.live/radio/stations/ollieking/Hideki%20Naganuma%20-%20Ollie%20Groove%202.mp3",
"https://jetsetradiofuture.live/radio/stations/ollieking/Hideki%20Naganuma%20-%20Teknopathetic%20%28e-Pop%20%27n%27%20Disco%2080%27s%20Mix%29.mp3",
"https://jetsetradiofuture.live/radio/stations/ollieking/Hideki%20Naganuma%20-%20The%20Concept%20of%20Love%20%28The%20Concept%20of%20Passion%20Mix%29.mp3",
"https://jetsetradiofuture.live/radio/stations/ollieking/Hideki%20Naganuma%20-%20Too%20Fast.mp3",
